n_runs,pred_agreeableness,pred_conscientiousness,pred_extraversion,pred_neuroticism,pred_openness
2,0.9351168037204218,0.832969550789381,0.8869051933805576,0.9707241174148684,0.889315515040576
3,0.929813266513896,0.8030994443328001,0.8289527913373237,0.9720263317285185,0.9092290390742945
4,0.9326580333590666,0.8420506401395426,0.86675115060533,0.9773541151467549,0.9055178879624809
5,0.9349616018031313,0.8561310870575698,0.8529825121225095,0.9719272010913049,0.8932855396520731
6,0.9402087921966212,0.8295263137561285,0.8316093317796932,0.9632066236640494,0.8829987940367081
7,0.9422432038399067,0.8332229062950128,0.8337323741500761,0.9641087023519554,0.8895108787509893
8,0.9450630790311874,0.8296560837058119,0.8321782464379816,0.9615753391249989,0.8906300354227967
9,0.9470602402718837,0.8395507320176756,0.8283342588756422,0.9633247517745246,0.8859727361866159
10,0.9429123439001365,0.8231135236044949,0.806267435997921,0.9562372722061978,0.8852591166444558
