person_id,temperature,reasoning,pred_extraversion,pred_agreeableness,pred_conscientiousness,pred_neuroticism,pred_openness,mean_trait_std
30.0,0.1,cot,0.0,0.0,0.0,0.0,0.03535533905932739,0.007071067811865478
30.0,0.1,direct,0.0,0.0,0.07071067811865482,0.0,0.0,0.014142135623730965
30.0,0.1,think,0.03535533905932729,0.03535533905932737,0.03535533905932741,0.03535533905932737,0.0,0.02828427124746189
30.0,0.3,cot,0.14142135623730948,0.03535533905932741,0.0,0.0,0.07071067811865474,0.04949747468305833
30.0,0.3,direct,0.0,0.07071067811865478,0.07071067811865482,0.0,0.0,0.028284271247461922
30.0,0.3,think,0.03535533905932741,0.0,0.0,0.0,0.07071067811865474,0.021213203435596427
30.0,0.5,cot,0.03535533905932735,0.03535533905932741,0.0,0.03535533905932737,0.0707106781186547,0.03535533905932736
30.0,0.5,direct,0.1414213562373095,0.0,0.0,0.0,0.07071067811865474,0.04242640687119285
30.0,0.5,think,0.17677669529663695,0.03535533905932729,0.03535533905932741,0.03535533905932737,0.07071067811865474,0.07071067811865475
30.0,0.7,cot,0.14142135623730948,0.0,0.0,0.0,0.0,0.028284271247461894
30.0,0.7,direct,0.0707106781186548,0.07071067811865478,0.07071067811865482,0.0,0.07071067811865474,0.056568542494923824
30.0,0.7,think,0.1414213562373095,0.0,0.0,0.0,0.14142135623730948,0.0565685424949238
30.0,0.9,cot,0.14142135623730953,0.0,0.0,0.0,0.07071067811865474,0.042426406871192854
30.0,0.9,direct,0.0,0.0,0.0,0.0,0.0,0.0
30.0,0.9,think,0.0,0.0,0.0,0.0,0.14142135623730948,0.028284271247461894
592.0,0.1,cot,0.0,0.07071067811865478,0.0,0.0,0.0707106781186548,0.028284271247461912
592.0,0.1,direct,0.07071067811865477,0.0,0.0,0.0,0.0707106781186548,0.028284271247461912
592.0,0.1,think,0.03535533905932741,0.0,0.0,0.03535533905932729,0.0,0.014142135623730939
592.0,0.3,cot,0.0,0.0,0.0,0.0,0.0,0.0
592.0,0.3,direct,0.03535533905932741,0.03535533905932741,0.0,0.03535533905932741,0.0,0.021213203435596444
592.0,0.3,think,0.0707106781186548,0.0,0.0,0.0,0.0,0.01414213562373096
592.0,0.5,cot,0.0,0.0,0.0,0.0,0.0707106781186548,0.01414213562373096
592.0,0.5,direct,0.03535533905932735,0.03535533905932741,0.07071067811865478,0.03535533905932741,0.10606601717798214,0.056568542494923824
592.0,0.5,think,0.0,0.0,0.0,0.0,0.07071067811865474,0.014142135623730947
592.0,0.7,cot,0.0707106781186548,0.0707106781186547,0.07071067811865478,0.0,0.07071067811865474,0.0565685424949238
592.0,0.7,direct,0.0,0.0707106781186547,0.07071067811865478,0.0,0.0,0.028284271247461894
592.0,0.7,think,0.0707106781186548,0.0,0.0,0.0,0.0,0.01414213562373096
592.0,0.9,cot,0.1414213562373095,0.07071067811865478,0.0707106781186547,0.0,0.0,0.0565685424949238
592.0,0.9,direct,0.0,0.0,0.0,0.0,0.07071067811865474,0.014142135623730947
592.0,0.9,think,0.07071067811865477,0.0,0.0,0.1414213562373096,0.1414213562373095,0.07071067811865477
1068.0,0.1,cot,0.0,0.0,0.0,0.07071067811865482,0.0,0.014142135623730965
1068.0,0.1,direct,0.0707106781186548,0.0,0.0707106781186547,0.0,0.0,0.0282842712474619
1068.0,0.1,think,0.0,0.0,0.0,0.0,0.0,0.0
1068.0,0.3,cot,0.0,0.0,0.0707106781186547,0.0,0.0,0.014142135623730939
1068.0,0.3,direct,0.0,0.0,0.0,0.0,0.0,0.0
1068.0,0.3,think,0.0,0.0,0.0,0.07071067811865482,0.0,0.014142135623730965
1068.0,0.5,cot,0.07071067811865477,0.0707106781186547,0.07071067811865478,0.0,0.0707106781186548,0.0565685424949238
1068.0,0.5,direct,0.07071067811865477,0.0,0.0,0.0,0.0,0.014142135623730952
1068.0,0.5,think,0.0,0.0,0.0,0.0,0.0,0.0
1068.0,0.7,cot,0.0,0.0,0.0,0.0,0.0,0.0
1068.0,0.7,direct,0.0707106781186548,0.0707106781186547,0.07071067811865478,0.0,0.0,0.042426406871192854
1068.0,0.7,think,0.07071067811865474,0.0,0.0707106781186547,0.07071067811865482,0.0707106781186548,0.05656854249492381
1068.0,0.9,cot,0.0,0.0,0.0,0.0,0.07071067811865477,0.014142135623730952
1068.0,0.9,direct,0.0,0.0,0.0707106781186547,0.0,0.0,0.014142135623730939
1068.0,0.9,think,0.0707106781186548,0.14142135623730948,0.07071067811865478,0.07071067811865482,0.0707106781186548,0.08485281374238574
1299.0,0.1,cot,0.07071067811865474,0.07071067811865478,0.0,0.07071067811865482,0.0,0.04242640687119287
1299.0,0.1,direct,0.0,0.0,0.0,0.07071067811865482,0.0,0.014142135623730965
1299.0,0.1,think,0.0,0.0,0.07071067811865478,0.0,0.0,0.014142135623730956
1299.0,0.3,cot,0.07071067811865474,0.0707106781186547,0.0,0.07071067811865482,0.0,0.042426406871192854
1299.0,0.3,direct,0.07071067811865474,0.0707106781186547,0.07071067811865478,0.0,0.0,0.04242640687119285
1299.0,0.3,think,0.10606601717798214,0.03535533905932741,0.0707106781186547,0.0,0.0,0.042426406871192854
1299.0,0.5,cot,0.0,0.07071067811865478,0.0,0.0,0.07071067811865474,0.0282842712474619
1299.0,0.5,direct,0.07071067811865474,0.07071067811865478,0.0,0.0,0.07071067811865474,0.04242640687119285
1299.0,0.5,think,0.10606601717798214,0.03535533905932729,0.07071067811865478,0.03535533905932741,0.03535533905932741,0.05656854249492381
1299.0,0.7,cot,0.14142135623730953,0.0,0.07071067811865478,0.0,0.0,0.04242640687119286
1299.0,0.7,direct,0.0,0.07071067811865478,0.0,0.0,0.1414213562373095,0.042426406871192854
1299.0,0.7,think,0.0,0.0,0.0707106781186547,0.0,0.07071067811865474,0.02828427124746189
1299.0,0.9,cot,0.07071067811865474,0.0,0.0,0.07071067811865482,0.07071067811865474,0.042426406871192854
1299.0,0.9,direct,0.0,0.07071067811865478,0.0,0.0,0.07071067811865474,0.0282842712474619
1299.0,0.9,think,0.0,0.0,0.07071067811865478,0.07071067811865482,0.07071067811865474,0.04242640687119287
1319.0,0.1,cot,0.0,0.0,0.0,0.07071067811865482,0.0707106781186548,0.028284271247461922
1319.0,0.1,direct,0.0,0.0,0.0707106781186547,0.0,0.0707106781186548,0.0282842712474619
1319.0,0.1,think,0.0,0.0707106781186547,0.07071067811865478,0.07071067811865482,0.07071067811865477,0.05656854249492381
1319.0,0.3,cot,0.0,0.0,0.07071067811865478,0.07071067811865482,0.0,0.028284271247461922
1319.0,0.3,direct,0.0,0.0707106781186547,0.0,0.0,0.0707106781186548,0.0282842712474619
1319.0,0.3,think,0.0,0.0,0.0707106781186547,0.07071067811865482,0.07071067811865477,0.042426406871192854
1319.0,0.5,cot,0.0,0.07071067811865478,0.0,0.0,0.0707106781186548,0.028284271247461912
1319.0,0.5,direct,0.0,0.0,0.0,0.0,0.07071067811865474,0.014142135623730947
1319.0,0.5,think,0.0,0.0,0.0,0.0,0.0,0.0
1319.0,0.7,cot,0.0,0.07071067811865478,0.0,0.07071067811865482,0.0,0.028284271247461922
1319.0,0.7,direct,0.0,0.0,0.07071067811865478,0.0,0.07071067811865477,0.028284271247461912
1319.0,0.7,think,0.0707106781186548,0.0,0.0,0.07071067811865482,0.0707106781186548,0.04242640687119288
1319.0,0.9,cot,0.0,0.0,0.0,0.07071067811865482,0.07071067811865477,0.02828427124746192
1319.0,0.9,direct,0.0,0.0,0.0,0.0,0.07071067811865477,0.014142135623730952
1319.0,0.9,think,0.0,0.0707106781186547,0.0,0.07071067811865482,0.0,0.0282842712474619
